pad_bytes,run_id,elapsed_sec,checksum
0,1,3.415221027,9849286028439204628
0,2,3.399477890,9849286028439204628
0,3,3.429313674,9849286028439204628
0,4,3.375717010,9849286028439204628
0,5,3.368621950,9849286028439204628
0,6,3.406073939,9849286028439204628
0,7,3.388383445,9849286028439204628
0,8,3.455746187,9849286028439204628
0,9,3.462590674,9849286028439204628
0,10,3.434873375,9849286028439204628
0,11,3.403739201,9849286028439204628
0,12,3.432446329,9849286028439204628
0,13,3.351348800,9849286028439204628
0,14,3.446450932,9849286028439204628
0,15,3.407702549,9849286028439204628
0,16,3.416551903,9849286028439204628
0,17,3.384812301,9849286028439204628
0,18,3.425340556,9849286028439204628
0,19,3.474664533,9849286028439204628
0,20,3.417281310,9849286028439204628
0,21,3.422369457,9849286028439204628
0,22,3.394653369,9849286028439204628
0,23,3.328212337,9849286028439204628
0,24,3.410306792,9849286028439204628
0,25,3.399369275,9849286028439204628
0,26,3.350183328,9849286028439204628
0,27,3.404197260,9849286028439204628
0,28,3.404236285,9849286028439204628
0,29,3.413428335,9849286028439204628
0,30,3.423950487,9849286028439204628
512,1,3.418282153,9849286028439204628
512,2,3.403323551,9849286028439204628
512,3,3.380985413,9849286028439204628
512,4,3.435587753,9849286028439204628
512,5,3.380237079,9849286028439204628
512,6,3.407316079,9849286028439204628
512,7,3.407398648,9849286028439204628
512,8,3.401471620,9849286028439204628
512,9,3.372668744,9849286028439204628
512,10,3.397116400,9849286028439204628
512,11,3.377997784,9849286028439204628
512,12,3.398026138,9849286028439204628
512,13,3.414074932,9849286028439204628
512,14,3.404685618,9849286028439204628
512,15,3.374912988,9849286028439204628
512,16,3.403744537,9849286028439204628
512,17,3.422533006,9849286028439204628
512,18,3.370422751,9849286028439204628
512,19,3.417482095,9849286028439204628
512,20,3.455749723,9849286028439204628
512,21,3.399789416,9849286028439204628
512,22,3.394882859,9849286028439204628
512,23,3.421691698,9849286028439204628
512,24,3.411091477,9849286028439204628
512,25,3.415877295,9849286028439204628
512,26,3.613705233,9849286028439204628
512,27,3.486543004,9849286028439204628
512,28,3.492093147,9849286028439204628
512,29,3.546591240,9849286028439204628
512,30,4.308478601,9849286028439204628
1024,1,10.758188038,9849286028439204628
1024,2,10.980864052,9849286028439204628
1024,3,8.021302491,9849286028439204628
1024,4,3.687680270,9849286028439204628
1024,5,3.546832223,9849286028439204628
1024,6,3.776289815,9849286028439204628
1024,7,3.467853288,9849286028439204628
1024,8,3.412344596,9849286028439204628
1024,9,3.459996206,9849286028439204628
1024,10,3.423346048,9849286028439204628
1024,11,3.473337694,9849286028439204628
1024,12,3.460408676,9849286028439204628
1024,13,3.445607756,9849286028439204628
1024,14,3.408229273,9849286028439204628
1024,15,3.422971064,9849286028439204628
1024,16,3.494950664,9849286028439204628
1024,17,3.433062347,9849286028439204628
1024,18,3.434283497,9849286028439204628
1024,19,3.425948976,9849286028439204628
1024,20,3.407148230,9849286028439204628
1024,21,3.452990327,9849286028439204628
1024,22,3.445076260,9849286028439204628
1024,23,3.433264820,9849286028439204628
1024,24,3.428172739,9849286028439204628
1024,25,3.434865685,9849286028439204628
1024,26,3.739255131,9849286028439204628
1024,27,4.420536844,9849286028439204628
1024,28,5.113215380,9849286028439204628
1024,29,3.401707376,9849286028439204628
1024,30,3.470883900,9849286028439204628
1536,1,3.424033149,9849286028439204628
1536,2,3.384648674,9849286028439204628
1536,3,3.388558113,9849286028439204628
1536,4,3.437844501,9849286028439204628
1536,5,3.377834803,9849286028439204628
1536,6,3.445351963,9849286028439204628
1536,7,3.385705258,9849286028439204628
1536,8,3.445254064,9849286028439204628
1536,9,3.659324223,9849286028439204628
1536,10,3.855615738,9849286028439204628
1536,11,3.785316189,9849286028439204628
1536,12,3.382121538,9849286028439204628
1536,13,3.347173569,9849286028439204628
1536,14,3.432938765,9849286028439204628
1536,15,3.437792108,9849286028439204628
1536,16,3.363082297,9849286028439204628
1536,17,3.367540586,9849286028439204628
1536,18,3.374371149,9849286028439204628
1536,19,3.365175477,9849286028439204628
1536,20,3.382432745,9849286028439204628
1536,21,3.415004674,9849286028439204628
1536,22,3.491662599,9849286028439204628
1536,23,3.369096894,9849286028439204628
1536,24,3.348415648,9849286028439204628
1536,25,3.362895460,9849286028439204628
1536,26,3.377457889,9849286028439204628
1536,27,3.337605286,9849286028439204628
1536,28,3.343567476,9849286028439204628
1536,29,3.347098434,9849286028439204628
1536,30,3.333918984,9849286028439204628
2048,1,3.371858814,9849286028439204628
2048,2,3.335189699,9849286028439204628
2048,3,3.396582385,9849286028439204628
2048,4,3.363339279,9849286028439204628
2048,5,3.330269018,9849286028439204628
2048,6,3.366486693,9849286028439204628
2048,7,3.327167661,9849286028439204628
2048,8,3.321431162,9849286028439204628
2048,9,3.433655285,9849286028439204628
2048,10,3.327134454,9849286028439204628
2048,11,3.408017582,9849286028439204628
2048,12,3.392711612,9849286028439204628
2048,13,3.420937516,9849286028439204628
2048,14,3.370866776,9849286028439204628
2048,15,3.380378477,9849286028439204628
2048,16,3.349019195,9849286028439204628
2048,17,3.355906210,9849286028439204628
2048,18,3.355083289,9849286028439204628
2048,19,3.357794032,9849286028439204628
2048,20,3.421216463,9849286028439204628
2048,21,3.355674677,9849286028439204628
2048,22,3.342710065,9849286028439204628
2048,23,3.395370193,9849286028439204628
2048,24,3.390097983,9849286028439204628
2048,25,3.402888262,9849286028439204628
2048,26,3.370417065,9849286028439204628
2048,27,3.367856912,9849286028439204628
2048,28,3.358568116,9849286028439204628
2048,29,3.367217596,9849286028439204628
2048,30,3.376221482,9849286028439204628
2560,1,3.366640606,9849286028439204628
2560,2,3.372969374,9849286028439204628
2560,3,3.407755859,9849286028439204628
2560,4,3.368036843,9849286028439204628
2560,5,3.382264303,9849286028439204628
2560,6,3.425325188,9849286028439204628
2560,7,3.358450953,9849286028439204628
2560,8,3.354136257,9849286028439204628
2560,9,3.359221002,9849286028439204628
2560,10,3.423725073,9849286028439204628
2560,11,3.454773829,9849286028439204628
2560,12,3.354568893,9849286028439204628
2560,13,3.445346499,9849286028439204628
2560,14,3.381886497,9849286028439204628
2560,15,3.389614079,9849286028439204628
2560,16,3.496316460,9849286028439204628
2560,17,3.439754864,9849286028439204628
2560,18,3.437735414,9849286028439204628
2560,19,3.357100001,9849286028439204628
2560,20,3.352494612,9849286028439204628
2560,21,3.364042977,9849286028439204628
2560,22,3.391145851,9849286028439204628
2560,23,3.385107550,9849286028439204628
2560,24,3.371311195,9849286028439204628
2560,25,3.508513070,9849286028439204628
2560,26,3.358154557,9849286028439204628
2560,27,3.496522829,9849286028439204628
2560,28,3.525595826,9849286028439204628
2560,29,3.374042156,9849286028439204628
2560,30,3.351012958,9849286028439204628
3072,1,3.384033542,9849286028439204628
3072,2,3.323922497,9849286028439204628
3072,3,3.369506195,9849286028439204628
3072,4,3.341349684,9849286028439204628
3072,5,3.416835978,9849286028439204628
3072,6,3.368545702,9849286028439204628
3072,7,3.376890061,9849286028439204628
3072,8,3.380475865,9849286028439204628
3072,9,3.433636523,9849286028439204628
3072,10,3.323904290,9849286028439204628
3072,11,3.364997685,9849286028439204628
3072,12,3.409058961,9849286028439204628
3072,13,3.359280279,9849286028439204628
3072,14,3.513233405,9849286028439204628
3072,15,3.359419277,9849286028439204628
3072,16,3.349778322,9849286028439204628
3072,17,3.368620554,9849286028439204628
3072,18,3.404099315,9849286028439204628
3072,19,3.478414910,9849286028439204628
3072,20,3.443616789,9849286028439204628
3072,21,3.417159912,9849286028439204628
3072,22,3.395312765,9849286028439204628
3072,23,3.441547154,9849286028439204628
3072,24,3.387178775,9849286028439204628
3072,25,3.362462723,9849286028439204628
3072,26,3.446627519,9849286028439204628
3072,27,3.411870226,9849286028439204628
3072,28,3.499582411,9849286028439204628
3072,29,3.439041880,9849286028439204628
3072,30,3.386615473,9849286028439204628
3584,1,3.420107722,9849286028439204628
3584,2,3.396942208,9849286028439204628
3584,3,3.350083386,9849286028439204628
3584,4,3.435522972,9849286028439204628
3584,5,3.402927691,9849286028439204628
3584,6,3.421302687,9849286028439204628
3584,7,3.470763596,9849286028439204628
3584,8,3.417043821,9849286028439204628
3584,9,3.399674178,9849286028439204628
3584,10,3.452628550,9849286028439204628
3584,11,3.399235984,9849286028439204628
3584,12,3.395902052,9849286028439204628
3584,13,3.383062073,9849286028439204628
3584,14,3.426778800,9849286028439204628
3584,15,3.551911624,9849286028439204628
3584,16,3.418809611,9849286028439204628
3584,17,3.421824382,9849286028439204628
3584,18,3.390283477,9849286028439204628
3584,19,3.453422411,9849286028439204628
3584,20,3.371699328,9849286028439204628
3584,21,3.494127314,9849286028439204628
3584,22,3.408078903,9849286028439204628
3584,23,3.427878613,9849286028439204628
3584,24,3.363586455,9849286028439204628
3584,25,3.380943513,9849286028439204628
3584,26,3.446370496,9849286028439204628
3584,27,3.392761746,9849286028439204628
3584,28,3.452291879,9849286028439204628
3584,29,3.387507393,9849286028439204628
3584,30,3.392383937,9849286028439204628
4096,1,3.501042582,9849286028439204628
4096,2,3.432257042,9849286028439204628
4096,3,3.506877774,9849286028439204628
4096,4,3.405149649,9849286028439204628
4096,5,3.444284809,9849286028439204628
4096,6,3.388468186,9849286028439204628
4096,7,3.479782017,9849286028439204628
4096,8,3.456103265,9849286028439204628
4096,9,3.323629774,9849286028439204628
4096,10,3.510388939,9849286028439204628
4096,11,3.565211082,9849286028439204628
4096,12,3.486097000,9849286028439204628
4096,13,3.521454963,9849286028439204628
4096,14,3.563956275,9849286028439204628
4096,15,3.416425740,9849286028439204628
4096,16,3.343029211,9849286028439204628
4096,17,3.384072206,9849286028439204628
4096,18,3.398520127,9849286028439204628
4096,19,3.418137463,9849286028439204628
4096,20,3.403081973,9849286028439204628
4096,21,3.392437263,9849286028439204628
4096,22,3.449530406,9849286028439204628
4096,23,3.443264397,9849286028439204628
4096,24,3.470778787,9849286028439204628
4096,25,3.484670142,9849286028439204628
4096,26,3.545838044,9849286028439204628
4096,27,3.433082680,9849286028439204628
4096,28,3.494087081,9849286028439204628
4096,29,3.363448754,9849286028439204628
4096,30,3.456670967,9849286028439204628
4608,1,3.532149809,9849286028439204628
4608,2,3.482688876,9849286028439204628
4608,3,3.522903458,9849286028439204628
4608,4,3.408139547,9849286028439204628
4608,5,3.377543820,9849286028439204628
4608,6,3.404181100,9849286028439204628
4608,7,3.377687862,9849286028439204628
4608,8,3.410429859,9849286028439204628
4608,9,3.339560017,9849286028439204628
4608,10,3.377657865,9849286028439204628
4608,11,3.386722605,9849286028439204628
4608,12,3.380011084,9849286028439204628
4608,13,3.481908102,9849286028439204628
4608,14,3.403457393,9849286028439204628
4608,15,3.518716042,9849286028439204628
4608,16,3.329945320,9849286028439204628
4608,17,3.399092431,9849286028439204628
4608,18,3.416299493,9849286028439204628
4608,19,3.400543246,9849286028439204628
4608,20,3.372154061,9849286028439204628
4608,21,3.335282340,9849286028439204628
4608,22,3.360559046,9849286028439204628
4608,23,3.347083226,9849286028439204628
4608,24,3.352606596,9849286028439204628
4608,25,3.356405780,9849286028439204628
4608,26,3.356178962,9849286028439204628
4608,27,3.395871094,9849286028439204628
4608,28,3.358258698,9849286028439204628
4608,29,3.370229127,9849286028439204628
4608,30,3.366871530,9849286028439204628
5120,1,3.420898514,9849286028439204628
5120,2,3.359860092,9849286028439204628
5120,3,3.545540272,9849286028439204628
5120,4,3.369447072,9849286028439204628
5120,5,3.317491359,9849286028439204628
5120,6,3.405726545,9849286028439204628
5120,7,3.352347036,9849286028439204628
5120,8,3.369294653,9849286028439204628
5120,9,3.537647565,9849286028439204628
5120,10,3.514184729,9849286028439204628
5120,11,3.571598471,9849286028439204628
5120,12,3.501339990,9849286028439204628
5120,13,3.510408851,9849286028439204628
5120,14,3.481495066,9849286028439204628
5120,15,3.567072276,9849286028439204628
5120,16,3.490609265,9849286028439204628
5120,17,3.363926051,9849286028439204628
5120,18,3.598280502,9849286028439204628
5120,19,3.426226833,9849286028439204628
5120,20,3.416767855,9849286028439204628
5120,21,3.406260407,9849286028439204628
5120,22,3.405085592,9849286028439204628
5120,23,3.455263164,9849286028439204628
5120,24,3.453876683,9849286028439204628
5120,25,3.536912659,9849286028439204628
5120,26,3.422144010,9849286028439204628
5120,27,3.481780784,9849286028439204628
5120,28,3.460374284,9849286028439204628
5120,29,3.456143271,9849286028439204628
5120,30,3.459833478,9849286028439204628
5632,1,3.410899389,9849286028439204628
5632,2,3.433095872,9849286028439204628
5632,3,3.411015762,9849286028439204628
5632,4,3.431325457,9849286028439204628
5632,5,3.425176963,9849286028439204628
5632,6,3.376188244,9849286028439204628
5632,7,3.434988829,9849286028439204628
5632,8,3.439366112,9849286028439204628
5632,9,3.522099851,9849286028439204628
5632,10,3.424335535,9849286028439204628
5632,11,3.447035383,9849286028439204628
5632,12,3.402600779,9849286028439204628
5632,13,3.423835654,9849286028439204628
5632,14,3.440110253,9849286028439204628
5632,15,3.421122982,9849286028439204628
5632,16,3.383189586,9849286028439204628
5632,17,3.386807131,9849286028439204628
5632,18,3.432441901,9849286028439204628
5632,19,3.385992039,9849286028439204628
5632,20,3.430909769,9849286028439204628
5632,21,3.438028702,9849286028439204628
5632,22,3.422970316,9849286028439204628
5632,23,3.416915998,9849286028439204628
5632,24,3.452332247,9849286028439204628
5632,25,3.459466193,9849286028439204628
5632,26,3.427309606,9849286028439204628
5632,27,3.433675803,9849286028439204628
5632,28,3.403895775,9849286028439204628
5632,29,3.458062037,9849286028439204628
5632,30,3.473996628,9849286028439204628
6144,1,3.450215891,9849286028439204628
6144,2,3.466556619,9849286028439204628
6144,3,3.456837836,9849286028439204628
6144,4,3.449325389,9849286028439204628
6144,5,3.426201802,9849286028439204628
6144,6,3.464194063,9849286028439204628
6144,7,3.462897722,9849286028439204628
6144,8,3.436513669,9849286028439204628
6144,9,3.456824620,9849286028439204628
6144,10,3.463898603,9849286028439204628
6144,11,3.445147560,9849286028439204628
6144,12,3.443466220,9849286028439204628
6144,13,3.471787733,9849286028439204628
6144,14,3.429988741,9849286028439204628
6144,15,3.427683472,9849286028439204628
6144,16,3.462348477,9849286028439204628
6144,17,3.419982157,9849286028439204628
6144,18,3.426831813,9849286028439204628
6144,19,3.454751397,9849286028439204628
6144,20,3.431303350,9849286028439204628
6144,21,3.396124869,9849286028439204628
6144,22,3.456351716,9849286028439204628
6144,23,3.475085074,9849286028439204628
6144,24,3.420607033,9849286028439204628
6144,25,3.471159694,9849286028439204628
6144,26,3.442264820,9849286028439204628
6144,27,3.446220926,9849286028439204628
6144,28,3.414930144,9849286028439204628
6144,29,3.460119315,9849286028439204628
6144,30,3.531725011,9849286028439204628
6656,1,3.469629286,9849286028439204628
6656,2,3.435368747,9849286028439204628
6656,3,3.442516361,9849286028439204628
6656,4,3.424930627,9849286028439204628
6656,5,3.459099438,9849286028439204628
6656,6,3.447830939,9849286028439204628
6656,7,3.445159664,9849286028439204628
6656,8,3.436572652,9849286028439204628
6656,9,3.429476161,9849286028439204628
6656,10,3.457046250,9849286028439204628
6656,11,3.433609739,9849286028439204628
6656,12,3.444007156,9849286028439204628
6656,13,3.462094906,9849286028439204628
6656,14,3.444455938,9849286028439204628
6656,15,3.469111399,9849286028439204628
6656,16,3.444219142,9849286028439204628
6656,17,3.472945678,9849286028439204628
6656,18,3.430956569,9849286028439204628
6656,19,3.444374067,9849286028439204628
6656,20,3.493325074,9849286028439204628
6656,21,3.409357271,9849286028439204628
6656,22,3.441132668,9849286028439204628
6656,23,3.465498809,9849286028439204628
6656,24,3.515489669,9849286028439204628
6656,25,3.408437448,9849286028439204628
6656,26,3.553335952,9849286028439204628
6656,27,3.474426821,9849286028439204628
6656,28,3.421132971,9849286028439204628
6656,29,3.439896417,9849286028439204628
6656,30,3.424476597,9849286028439204628
7168,1,3.436982752,9849286028439204628
7168,2,3.445279089,9849286028439204628
7168,3,3.541431264,9849286028439204628
7168,4,3.375820670,9849286028439204628
7168,5,3.367276902,9849286028439204628
7168,6,3.387152849,9849286028439204628
7168,7,3.450138567,9849286028439204628
7168,8,3.428491675,9849286028439204628
7168,9,3.355887086,9849286028439204628
7168,10,3.425417117,9849286028439204628
7168,11,3.351304379,9849286028439204628
7168,12,3.413340237,9849286028439204628
7168,13,3.396130156,9849286028439204628
7168,14,3.347113783,9849286028439204628
7168,15,3.508720758,9849286028439204628
7168,16,3.360360752,9849286028439204628
7168,17,3.380797667,9849286028439204628
7168,18,3.426544058,9849286028439204628
7168,19,3.342147264,9849286028439204628
7168,20,3.406077845,9849286028439204628
7168,21,3.409032778,9849286028439204628
7168,22,3.433530030,9849286028439204628
7168,23,3.368467927,9849286028439204628
7168,24,3.328394771,9849286028439204628
7168,25,3.433660137,9849286028439204628
7168,26,3.418883884,9849286028439204628
7168,27,3.432445272,9849286028439204628
7168,28,3.425610241,9849286028439204628
7168,29,3.492510642,9849286028439204628
7168,30,3.373609659,9849286028439204628
7680,1,3.418981677,9849286028439204628
7680,2,3.462613632,9849286028439204628
7680,3,3.417955091,9849286028439204628
7680,4,3.435917320,9849286028439204628
7680,5,3.402754226,9849286028439204628
7680,6,3.368873905,9849286028439204628
7680,7,3.408676839,9849286028439204628
7680,8,3.484670605,9849286028439204628
7680,9,3.354732146,9849286028439204628
7680,10,3.474304466,9849286028439204628
7680,11,3.350053182,9849286028439204628
7680,12,3.357605826,9849286028439204628
7680,13,3.375459044,9849286028439204628
7680,14,3.331243025,9849286028439204628
7680,15,3.317789101,9849286028439204628
7680,16,3.393212901,9849286028439204628
7680,17,3.384405516,9849286028439204628
7680,18,3.335479206,9849286028439204628
7680,19,3.389517980,9849286028439204628
7680,20,3.392135924,9849286028439204628
7680,21,3.378521902,9849286028439204628
7680,22,3.426816001,9849286028439204628
7680,23,3.391048358,9849286028439204628
7680,24,3.446788523,9849286028439204628
7680,25,3.349342972,9849286028439204628
7680,26,3.465612366,9849286028439204628
7680,27,3.465240023,9849286028439204628
7680,28,3.422298441,9849286028439204628
7680,29,3.364206175,9849286028439204628
7680,30,3.391803646,9849286028439204628
8192,1,3.359963202,9849286028439204628
8192,2,3.369720595,9849286028439204628
8192,3,3.430467085,9849286028439204628
8192,4,3.370442719,9849286028439204628
8192,5,3.421388131,9849286028439204628
8192,6,3.448729854,9849286028439204628
8192,7,3.456251479,9849286028439204628
8192,8,3.426714995,9849286028439204628
8192,9,3.430611026,9849286028439204628
8192,10,3.462248084,9849286028439204628
8192,11,3.478857366,9849286028439204628
8192,12,3.459956860,9849286028439204628
8192,13,3.469571664,9849286028439204628
8192,14,3.735149428,9849286028439204628
8192,15,3.341088881,9849286028439204628
8192,16,3.464244070,9849286028439204628
8192,17,3.414057054,9849286028439204628
8192,18,3.412830385,9849286028439204628
8192,19,3.422714530,9849286028439204628
8192,20,3.452547063,9849286028439204628
8192,21,3.408090578,9849286028439204628
8192,22,3.440293471,9849286028439204628
8192,23,3.395360908,9849286028439204628
8192,24,3.398880197,9849286028439204628
8192,25,3.425230336,9849286028439204628
8192,26,3.461199684,9849286028439204628
8192,27,3.409392833,9849286028439204628
8192,28,3.467095851,9849286028439204628
8192,29,3.425227076,9849286028439204628
8192,30,3.429178069,9849286028439204628
8704,1,3.462501931,9849286028439204628
8704,2,3.461660118,9849286028439204628
8704,3,3.458334828,9849286028439204628
8704,4,3.443409769,9849286028439204628
8704,5,3.442413794,9849286028439204628
8704,6,3.526925472,9849286028439204628
8704,7,3.388368524,9849286028439204628
8704,8,3.458254877,9849286028439204628
8704,9,3.420319182,9849286028439204628
8704,10,3.445311044,9849286028439204628
8704,11,3.429430803,9849286028439204628
8704,12,3.446419230,9849286028439204628
8704,13,3.414157842,9849286028439204628
8704,14,3.442937109,9849286028439204628
8704,15,3.447692145,9849286028439204628
8704,16,3.407368815,9849286028439204628
8704,17,3.457799495,9849286028439204628
8704,18,3.408965081,9849286028439204628
8704,19,3.446445485,9849286028439204628
8704,20,3.434732591,9849286028439204628
8704,21,3.420173386,9849286028439204628
8704,22,3.435734350,9849286028439204628
8704,23,3.401403775,9849286028439204628
8704,24,3.442445455,9849286028439204628
8704,25,3.481077657,9849286028439204628
8704,26,3.412668251,9849286028439204628
8704,27,3.447605276,9849286028439204628
8704,28,3.443600160,9849286028439204628
8704,29,3.438157295,9849286028439204628
8704,30,3.427229212,9849286028439204628
9216,1,3.408776560,9849286028439204628
9216,2,3.430912564,9849286028439204628
9216,3,3.449805916,9849286028439204628
9216,4,3.420165718,9849286028439204628
9216,5,3.450947408,9849286028439204628
9216,6,3.470309544,9849286028439204628
9216,7,3.447118461,9849286028439204628
9216,8,3.387204594,9849286028439204628
9216,9,3.438228101,9849286028439204628
9216,10,3.421483224,9849286028439204628
9216,11,3.429968858,9849286028439204628
9216,12,3.449080386,9849286028439204628
9216,13,3.399188120,9849286028439204628
9216,14,3.381100760,9849286028439204628
9216,15,3.416213314,9849286028439204628
9216,16,3.410536211,9849286028439204628
9216,17,3.413397880,9849286028439204628
9216,18,3.383390760,9849286028439204628
9216,19,3.425913360,9849286028439204628
9216,20,3.410031498,9849286028439204628
9216,21,3.442602410,9849286028439204628
9216,22,3.437309370,9849286028439204628
9216,23,3.452346076,9849286028439204628
9216,24,3.443467911,9849286028439204628
9216,25,3.438769135,9849286028439204628
9216,26,3.448604660,9849286028439204628
9216,27,3.470709134,9849286028439204628
9216,28,3.388101752,9849286028439204628
9216,29,3.440823979,9849286028439204628
9216,30,3.416277061,9849286028439204628
9728,1,3.449019083,9849286028439204628
9728,2,3.413804619,9849286028439204628
9728,3,3.509018899,9849286028439204628
9728,4,3.441020861,9849286028439204628
9728,5,3.453797404,9849286028439204628
9728,6,3.420372497,9849286028439204628
9728,7,3.466983143,9849286028439204628
9728,8,3.449891711,9849286028439204628
9728,9,3.451020600,9849286028439204628
9728,10,3.511244316,9849286028439204628
9728,11,3.423431126,9849286028439204628
9728,12,3.438680271,9849286028439204628
9728,13,3.394406682,9849286028439204628
9728,14,3.391011905,9849286028439204628
9728,15,3.412504535,9849286028439204628
9728,16,3.395388549,9849286028439204628
9728,17,3.461839491,9849286028439204628
9728,18,3.465575252,9849286028439204628
9728,19,3.435799054,9849286028439204628
9728,20,3.458746417,9849286028439204628
9728,21,3.459421913,9849286028439204628
9728,22,3.478482504,9849286028439204628
9728,23,3.440215957,9849286028439204628
9728,24,3.402921989,9849286028439204628
9728,25,3.396999782,9849286028439204628
9728,26,3.432184188,9849286028439204628
9728,27,3.411695628,9849286028439204628
9728,28,3.461990945,9849286028439204628
9728,29,3.363673205,9849286028439204628
9728,30,3.394260722,9849286028439204628
10240,1,3.394889519,9849286028439204628
10240,2,3.429414657,9849286028439204628
10240,3,3.402278693,9849286028439204628
10240,4,3.416565579,9849286028439204628
10240,5,3.391134814,9849286028439204628
10240,6,3.412138511,9849286028439204628
10240,7,3.433338419,9849286028439204628
10240,8,3.450711982,9849286028439204628
10240,9,3.470473083,9849286028439204628
10240,10,3.392783561,9849286028439204628
10240,11,3.439345578,9849286028439204628
10240,12,3.454130053,9849286028439204628
10240,13,3.435980325,9849286028439204628
10240,14,3.433234672,9849286028439204628
10240,15,3.397385200,9849286028439204628
10240,16,3.452796900,9849286028439204628
10240,17,3.422755805,9849286028439204628
10240,18,3.426875589,9849286028439204628
10240,19,3.468819841,9849286028439204628
10240,20,3.487156550,9849286028439204628
10240,21,3.400322740,9849286028439204628
10240,22,3.432982118,9849286028439204628
10240,23,3.397975988,9849286028439204628
10240,24,3.368077044,9849286028439204628
10240,25,3.341169003,9849286028439204628
10240,26,3.416004687,9849286028439204628
10240,27,3.398657479,9849286028439204628
10240,28,3.461906248,9849286028439204628
10240,29,3.426590681,9849286028439204628
10240,30,3.487949881,9849286028439204628
10752,1,3.338989621,9849286028439204628
10752,2,3.399891582,9849286028439204628
10752,3,3.426932925,9849286028439204628
10752,4,3.410684119,9849286028439204628
10752,5,3.455236744,9849286028439204628
10752,6,3.382995959,9849286028439204628
10752,7,3.429373826,9849286028439204628
10752,8,3.415605418,9849286028439204628
10752,9,3.449924292,9849286028439204628
10752,10,3.407225471,9849286028439204628
10752,11,3.445855357,9849286028439204628
10752,12,3.466133094,9849286028439204628
10752,13,3.438287249,9849286028439204628
10752,14,3.440615370,9849286028439204628
10752,15,3.447735537,9849286028439204628
10752,16,3.449870461,9849286028439204628
10752,17,3.417466552,9849286028439204628
10752,18,3.434471864,9849286028439204628
10752,19,3.395475630,9849286028439204628
10752,20,3.416571433,9849286028439204628
10752,21,3.379600212,9849286028439204628
10752,22,3.506989295,9849286028439204628
10752,23,3.462617272,9849286028439204628
10752,24,3.450867103,9849286028439204628
10752,25,3.450717066,9849286028439204628
10752,26,3.445318701,9849286028439204628
10752,27,3.454701213,9849286028439204628
10752,28,3.459880346,9849286028439204628
10752,29,3.414443622,9849286028439204628
10752,30,3.462505636,9849286028439204628
11264,1,3.425086046,9849286028439204628
11264,2,3.448178607,9849286028439204628
11264,3,3.454766328,9849286028439204628
11264,4,3.397911590,9849286028439204628
11264,5,3.423348837,9849286028439204628
11264,6,3.419468413,9849286028439204628
11264,7,3.419403960,9849286028439204628
11264,8,3.430154689,9849286028439204628
11264,9,3.419391455,9849286028439204628
11264,10,3.424513685,9849286028439204628
11264,11,3.441708630,9849286028439204628
11264,12,3.479301399,9849286028439204628
11264,13,3.427413997,9849286028439204628
11264,14,3.414513079,9849286028439204628
11264,15,3.429306689,9849286028439204628
11264,16,3.442433250,9849286028439204628
11264,17,3.367866062,9849286028439204628
11264,18,3.328191738,9849286028439204628
11264,19,3.408302357,9849286028439204628
11264,20,3.433489465,9849286028439204628
11264,21,3.392034781,9849286028439204628
11264,22,3.428960784,9849286028439204628
11264,23,3.392838079,9849286028439204628
11264,24,3.442983987,9849286028439204628
11264,25,3.431930548,9849286028439204628
11264,26,3.442221828,9849286028439204628
11264,27,3.439405238,9849286028439204628
11264,28,3.439736292,9849286028439204628
11264,29,3.400793354,9849286028439204628
11264,30,3.479844284,9849286028439204628
11776,1,3.422610172,9849286028439204628
11776,2,3.431807395,9849286028439204628
11776,3,3.458672844,9849286028439204628
11776,4,3.432174553,9849286028439204628
11776,5,3.444938559,9849286028439204628
11776,6,3.432217883,9849286028439204628
11776,7,3.371309380,9849286028439204628
11776,8,3.410894193,9849286028439204628
11776,9,3.372211344,9849286028439204628
11776,10,3.372082658,9849286028439204628
11776,11,3.362601025,9849286028439204628
11776,12,3.387550129,9849286028439204628
11776,13,3.416790612,9849286028439204628
11776,14,3.357441781,9849286028439204628
11776,15,3.408117332,9849286028439204628
11776,16,3.536947190,9849286028439204628
11776,17,3.395724316,9849286028439204628
11776,18,3.405069461,9849286028439204628
11776,19,3.475526421,9849286028439204628
11776,20,3.374210361,9849286028439204628
11776,21,3.406086364,9849286028439204628
11776,22,3.563723008,9849286028439204628
11776,23,3.582749284,9849286028439204628
11776,24,3.528519356,9849286028439204628
11776,25,3.530232645,9849286028439204628
11776,26,3.387646333,9849286028439204628
11776,27,3.457248927,9849286028439204628
11776,28,3.486310593,9849286028439204628
11776,29,3.453238122,9849286028439204628
11776,30,3.404881837,9849286028439204628
12288,1,3.382063026,9849286028439204628
12288,2,3.359373401,9849286028439204628
12288,3,3.462596826,9849286028439204628
12288,4,3.525466061,9849286028439204628
12288,5,3.438715432,9849286028439204628
12288,6,3.392524679,9849286028439204628
12288,7,3.458030078,9849286028439204628
12288,8,3.495134360,9849286028439204628
12288,9,3.381262044,9849286028439204628
12288,10,3.395363573,9849286028439204628
12288,11,3.665496759,9849286028439204628
12288,12,3.373642054,9849286028439204628
12288,13,3.375824110,9849286028439204628
12288,14,3.363163148,9849286028439204628
12288,15,3.352182230,9849286028439204628
12288,16,3.368129070,9849286028439204628
12288,17,3.322414851,9849286028439204628
12288,18,3.391154286,9849286028439204628
12288,19,3.343468333,9849286028439204628
12288,20,3.433424609,9849286028439204628
12288,21,3.333687709,9849286028439204628
12288,22,3.383403780,9849286028439204628
12288,23,3.341631548,9849286028439204628
12288,24,3.364087366,9849286028439204628
12288,25,3.347837090,9849286028439204628
12288,26,3.394001486,9849286028439204628
12288,27,3.375856868,9849286028439204628
12288,28,3.382141302,9849286028439204628
12288,29,3.369517601,9849286028439204628
12288,30,3.368755845,9849286028439204628
12800,1,3.410378049,9849286028439204628
12800,2,3.448322040,9849286028439204628
12800,3,3.337858909,9849286028439204628
12800,4,3.348501461,9849286028439204628
12800,5,3.381054378,9849286028439204628
12800,6,3.454327849,9849286028439204628
12800,7,3.432549705,9849286028439204628
12800,8,3.492656140,9849286028439204628
12800,9,3.487179915,9849286028439204628
12800,10,3.452953978,9849286028439204628
12800,11,3.428457557,9849286028439204628
12800,12,3.409323357,9849286028439204628
12800,13,3.439705170,9849286028439204628
12800,14,3.402269541,9849286028439204628
12800,15,3.337283087,9849286028439204628
12800,16,3.368772050,9849286028439204628
12800,17,3.322790576,9849286028439204628
12800,18,3.432356065,9849286028439204628
12800,19,3.411545515,9849286028439204628
12800,20,3.462386249,9849286028439204628
12800,21,3.353654307,9849286028439204628
12800,22,3.399039474,9849286028439204628
12800,23,3.388859192,9849286028439204628
12800,24,3.383282163,9849286028439204628
12800,25,3.425115711,9849286028439204628
12800,26,3.399808353,9849286028439204628
12800,27,3.386317456,9849286028439204628
12800,28,3.379285158,9849286028439204628
12800,29,3.360925109,9849286028439204628
12800,30,3.411773401,9849286028439204628
13312,1,3.376795099,9849286028439204628
13312,2,3.374446278,9849286028439204628
13312,3,3.393300974,9849286028439204628
13312,4,3.374111196,9849286028439204628
13312,5,3.383533389,9849286028439204628
13312,6,3.347516908,9849286028439204628
13312,7,3.402433071,9849286028439204628
13312,8,3.324570457,9849286028439204628
13312,9,3.376768648,9849286028439204628
13312,10,3.361094362,9849286028439204628
13312,11,3.350800412,9849286028439204628
13312,12,3.401022026,9849286028439204628
13312,13,3.350207087,9849286028439204628
13312,14,3.354316753,9849286028439204628
13312,15,3.333917821,9849286028439204628
13312,16,3.407277938,9849286028439204628
13312,17,3.369023785,9849286028439204628
13312,18,3.345977054,9849286028439204628
13312,19,3.407062899,9849286028439204628
13312,20,3.328500053,9849286028439204628
13312,21,3.402286145,9849286028439204628
13312,22,3.347517252,9849286028439204628
13312,23,3.398946897,9849286028439204628
13312,24,3.388561974,9849286028439204628
13312,25,3.344973082,9849286028439204628
13312,26,3.369257205,9849286028439204628
13312,27,3.373168500,9849286028439204628
13312,28,3.418451224,9849286028439204628
13312,29,3.385136672,9849286028439204628
13312,30,3.389206752,9849286028439204628
13824,1,3.363265929,9849286028439204628
13824,2,3.425255739,9849286028439204628
13824,3,3.384917525,9849286028439204628
13824,4,3.360788342,9849286028439204628
13824,5,3.342694980,9849286028439204628
13824,6,3.379991660,9849286028439204628
13824,7,3.417092829,9849286028439204628
13824,8,3.416173044,9849286028439204628
13824,9,3.355865855,9849286028439204628
13824,10,3.342302322,9849286028439204628
13824,11,3.427295802,9849286028439204628
13824,12,3.327678875,9849286028439204628
13824,13,3.430560637,9849286028439204628
13824,14,3.380179103,9849286028439204628
13824,15,3.391929646,9849286028439204628
13824,16,3.401458777,9849286028439204628
13824,17,3.381744206,9849286028439204628
13824,18,3.385684771,9849286028439204628
13824,19,3.400060114,9849286028439204628
13824,20,3.383400714,9849286028439204628
13824,21,3.399548696,9849286028439204628
13824,22,3.351475885,9849286028439204628
13824,23,3.391563599,9849286028439204628
13824,24,3.424313978,9849286028439204628
13824,25,3.350439108,9849286028439204628
13824,26,3.416840657,9849286028439204628
13824,27,3.459990269,9849286028439204628
13824,28,3.352187078,9849286028439204628
13824,29,3.403181960,9849286028439204628
13824,30,3.370485281,9849286028439204628
14336,1,3.389464066,9849286028439204628
14336,2,3.410055656,9849286028439204628
14336,3,3.331138236,9849286028439204628
14336,4,3.400299685,9849286028439204628
14336,5,3.393600624,9849286028439204628
14336,6,3.331962935,9849286028439204628
14336,7,3.402423995,9849286028439204628
14336,8,3.343435098,9849286028439204628
14336,9,3.384356442,9849286028439204628
14336,10,3.430921581,9849286028439204628
14336,11,3.366384992,9849286028439204628
14336,12,3.319007269,9849286028439204628
14336,13,3.371331588,9849286028439204628
14336,14,3.373631762,9849286028439204628
14336,15,3.351916000,9849286028439204628
14336,16,3.390387456,9849286028439204628
14336,17,3.364768683,9849286028439204628
14336,18,3.428280211,9849286028439204628
14336,19,3.383633222,9849286028439204628
14336,20,3.379025205,9849286028439204628
14336,21,3.434334953,9849286028439204628
14336,22,3.414463413,9849286028439204628
14336,23,3.415806599,9849286028439204628
14336,24,3.455364610,9849286028439204628
14336,25,3.376766512,9849286028439204628
14336,26,3.413117941,9849286028439204628
14336,27,3.420843893,9849286028439204628
14336,28,3.409951763,9849286028439204628
14336,29,3.328835916,9849286028439204628
14336,30,3.404272737,9849286028439204628
14848,1,3.396346182,9849286028439204628
14848,2,3.341980544,9849286028439204628
14848,3,3.446474761,9849286028439204628
14848,4,3.368526443,9849286028439204628
14848,5,3.363456411,9849286028439204628
14848,6,3.341279425,9849286028439204628
14848,7,3.394392024,9849286028439204628
14848,8,3.371082772,9849286028439204628
14848,9,3.402518995,9849286028439204628
14848,10,3.387639761,9849286028439204628
14848,11,3.355334710,9849286028439204628
14848,12,3.419143167,9849286028439204628
14848,13,3.368695236,9849286028439204628
14848,14,3.423223896,9849286028439204628
14848,15,3.414669962,9849286028439204628
14848,16,3.421295986,9849286028439204628
14848,17,3.385072205,9849286028439204628
14848,18,3.393646271,9849286028439204628
14848,19,3.378208821,9849286028439204628
14848,20,3.338570001,9849286028439204628
14848,21,3.419937216,9849286028439204628
14848,22,3.348920635,9849286028439204628
14848,23,3.338481962,9849286028439204628
14848,24,3.407766357,9849286028439204628
14848,25,3.359836747,9849286028439204628
14848,26,3.361641796,9849286028439204628
14848,27,3.382683833,9849286028439204628
14848,28,3.396321355,9849286028439204628
14848,29,3.360098755,9849286028439204628
14848,30,3.436161455,9849286028439204628
15360,1,3.381685003,9849286028439204628
15360,2,3.365512366,9849286028439204628
15360,3,3.388859028,9849286028439204628
15360,4,3.357494076,9849286028439204628
15360,5,3.371579497,9849286028439204628
15360,6,3.378615153,9849286028439204628
15360,7,3.394580512,9849286028439204628
15360,8,3.370178549,9849286028439204628
15360,9,3.388015852,9849286028439204628
15360,10,3.366627551,9849286028439204628
15360,11,3.387385101,9849286028439204628
15360,12,3.367000978,9849286028439204628
15360,13,3.388225618,9849286028439204628
15360,14,3.386177456,9849286028439204628
15360,15,3.367353779,9849286028439204628
15360,16,3.348703244,9849286028439204628
15360,17,3.371354437,9849286028439204628
15360,18,3.409604726,9849286028439204628
15360,19,3.394295644,9849286028439204628
15360,20,3.409939512,9849286028439204628
15360,21,3.415134403,9849286028439204628
15360,22,3.403871689,9849286028439204628
15360,23,3.329523217,9849286028439204628
15360,24,3.386496334,9849286028439204628
15360,25,3.433860289,9849286028439204628
15360,26,3.326950598,9849286028439204628
15360,27,3.354142626,9849286028439204628
15360,28,3.319376472,9849286028439204628
15360,29,3.330195452,9849286028439204628
15360,30,3.387174889,9849286028439204628
15872,1,3.401581233,9849286028439204628
15872,2,3.333791176,9849286028439204628
15872,3,3.356676598,9849286028439204628
15872,4,3.415913269,9849286028439204628
15872,5,3.376991646,9849286028439204628
15872,6,3.365207086,9849286028439204628
15872,7,3.373055389,9849286028439204628
15872,8,3.343186191,9849286028439204628
15872,9,3.397788800,9849286028439204628
15872,10,3.398811333,9849286028439204628
15872,11,3.313277130,9849286028439204628
15872,12,3.395197010,9849286028439204628
15872,13,3.348623146,9849286028439204628
15872,14,3.447955818,9849286028439204628
15872,15,3.431099696,9849286028439204628
15872,16,3.404770947,9849286028439204628
15872,17,3.357272186,9849286028439204628
15872,18,3.410151107,9849286028439204628
15872,19,3.441454807,9849286028439204628
15872,20,3.359559434,9849286028439204628
15872,21,3.397202420,9849286028439204628
15872,22,3.344524116,9849286028439204628
15872,23,3.425332185,9849286028439204628
15872,24,3.390526192,9849286028439204628
15872,25,3.364504440,9849286028439204628
15872,26,3.380748777,9849286028439204628
15872,27,3.368437015,9849286028439204628
15872,28,3.385152867,9849286028439204628
15872,29,3.414086295,9849286028439204628
15872,30,3.484368661,9849286028439204628
16384,1,3.443685239,9849286028439204628
16384,2,3.522581002,9849286028439204628
16384,3,3.353284458,9849286028439204628
16384,4,3.414040389,9849286028439204628
16384,5,3.400433964,9849286028439204628
16384,6,3.398270474,9849286028439204628
16384,7,3.444116022,9849286028439204628
16384,8,3.429870751,9849286028439204628
16384,9,3.393056586,9849286028439204628
16384,10,3.441286113,9849286028439204628
16384,11,3.417064586,9849286028439204628
16384,12,3.395921951,9849286028439204628
16384,13,3.441353921,9849286028439204628
16384,14,3.412680020,9849286028439204628
16384,15,3.389863734,9849286028439204628
16384,16,3.385311603,9849286028439204628
16384,17,3.414421906,9849286028439204628
16384,18,3.444868530,9849286028439204628
16384,19,3.440372092,9849286028439204628
16384,20,3.431061818,9849286028439204628
16384,21,3.400185605,9849286028439204628
16384,22,3.398225923,9849286028439204628
16384,23,3.406015160,9849286028439204628
16384,24,3.447363443,9849286028439204628
16384,25,3.392338910,9849286028439204628
16384,26,3.390339335,9849286028439204628
16384,27,3.396023523,9849286028439204628
16384,28,3.421336519,9849286028439204628
16384,29,3.414660726,9849286028439204628
16384,30,3.453455099,9849286028439204628
